Date,Benchmark
2018-01-02,6061.2998046875
2018-01-03,6070.39990234375
2018-01-04,6077.10009765625
2018-01-05,6122.2998046875
2018-01-08,6130.39990234375
2018-01-09,6135.7998046875
2018-01-10,6096.7001953125
2018-01-11,6067.60009765625
2018-01-12,6070.10009765625
2018-01-15,6077.10009765625
2018-01-16,6048.60009765625
2018-01-17,6015.7998046875
2018-01-18,6014.60009765625
2018-01-19,6005.7998046875
2018-01-22,5991.89990234375
2018-01-23,6037.0
2018-01-24,6054.7001953125
2018-01-25,6050.0
2018-01-29,6075.39990234375
2018-01-30,6022.7998046875
2018-01-31,6037.7001953125
2018-02-01,6090.10009765625
2018-02-02,6121.39990234375
2018-02-05,6026.2001953125
2018-02-06,5833.2998046875
2018-02-07,5876.7998046875
2018-02-08,5890.7001953125
2018-02-09,5838.0
2018-02-12,5820.7001953125
2018-02-13,5855.89990234375
2018-02-14,5841.2001953125
2018-02-15,5909.0
2018-02-16,5904.0
2018-02-19,5941.60009765625
2018-02-20,5940.89990234375
2018-02-21,5943.7001953125
2018-02-22,5950.89990234375
2018-02-23,5999.7998046875
2018-02-26,6042.2001953125
2018-02-27,6056.89990234375
2018-02-28,6016.0
2018-03-01,5973.2998046875
2018-03-02,5928.89990234375
2018-03-05,5959.5
2018-03-06,5962.39990234375
2018-03-07,5902.0
2018-03-08,5942.89990234375
2018-03-09,5963.2001953125
2018-03-12,5996.10009765625
2018-03-13,5974.7001953125
2018-03-14,5935.2998046875
2018-03-15,5920.7998046875
2018-03-16,5949.39990234375
2018-03-19,5959.39990234375
2018-03-20,5936.39990234375
2018-03-21,5950.2998046875
2018-03-22,5937.2001953125
2018-03-23,5820.7001953125
2018-03-26,5790.5
2018-03-27,5832.2998046875
2018-03-28,5789.5
2018-03-29,5759.39990234375
2018-04-03,5751.89990234375
2018-04-04,5761.39990234375
2018-04-05,5788.7998046875
2018-04-06,5788.7001953125
2018-04-09,5808.7001953125
2018-04-10,5857.0
2018-04-11,5828.7001953125
2018-04-12,5815.5
2018-04-13,5829.10009765625
2018-04-16,5841.2998046875
2018-04-17,5841.5
2018-04-18,5861.39990234375
2018-04-19,5881.0
2018-04-20,5868.7998046875
2018-04-23,5886.0
2018-04-24,5921.60009765625
2018-04-26,5910.7998046875
2018-04-27,5953.60009765625
2018-04-30,5982.7001953125
2018-05-01,6015.2001953125
2018-05-02,6050.2001953125
2018-05-03,6098.2998046875
2018-05-04,6062.89990234375
2018-05-07,6084.5
2018-05-08,6091.89990234375
2018-05-09,6108.0
2018-05-10,6118.7001953125
2018-05-11,6116.2001953125
2018-05-14,6135.2998046875
2018-05-15,6097.7998046875
2018-05-16,6107.0
2018-05-17,6094.2998046875
2018-05-18,6087.39990234375
2018-05-21,6084.5
2018-05-22,6041.89990234375
2018-05-23,6032.5
2018-05-24,6037.10009765625
2018-05-25,6032.7998046875
2018-05-28,6004.0
2018-05-29,6013.60009765625
2018-05-30,5984.7001953125
2018-05-31,6011.89990234375
2018-06-01,5990.39990234375
2018-06-04,6025.5
2018-06-05,5994.89990234375
2018-06-06,6025.10009765625
2018-06-07,6057.2998046875
2018-06-08,6045.2001953125
2018-06-12,6054.39990234375
2018-06-13,6023.5
2018-06-14,6016.60009765625
2018-06-15,6094.0
2018-06-18,6104.10009765625
2018-06-19,6102.10009765625
2018-06-20,6172.60009765625
2018-06-21,6232.10009765625
2018-06-22,6225.2001953125
2018-06-25,6210.39990234375
2018-06-26,6197.60009765625
2018-06-27,6195.89990234375
2018-06-28,6215.39990234375
2018-06-29,6194.60009765625
2018-07-02,6177.7998046875
2018-07-03,6210.2001953125
2018-07-04,6183.39990234375
2018-07-05,6215.5
2018-07-06,6272.2998046875
2018-07-09,6286.0
2018-07-10,6258.10009765625
2018-07-11,6215.60009765625
2018-07-12,6268.2998046875
2018-07-13,6268.39990234375
2018-07-16,6241.5
2018-07-17,6203.60009765625
2018-07-18,6245.10009765625
2018-07-19,6262.7001953125
2018-07-20,6285.89990234375
2018-07-23,6227.60009765625
2018-07-24,6265.7998046875
2018-07-25,6247.60009765625
2018-07-26,6244.5
2018-07-27,6300.2001953125
2018-07-30,6278.39990234375
2018-07-31,6280.2001953125
2018-08-01,6275.7001953125
2018-08-02,6240.89990234375
2018-08-03,6234.7998046875
2018-08-06,6273.0
2018-08-07,6253.89990234375
2018-08-08,6268.5
2018-08-09,6297.7001953125
2018-08-10,6278.39990234375
2018-08-13,6252.2001953125
2018-08-14,6299.60009765625
2018-08-15,6329.0
2018-08-16,6328.2998046875
2018-08-17,6339.2001953125
2018-08-20,6345.0
2018-08-21,6284.39990234375
2018-08-22,6266.0
2018-08-23,6244.39990234375
2018-08-24,6247.2998046875
2018-08-27,6268.89990234375
2018-08-28,6304.7001953125
2018-08-29,6352.2001953125
2018-08-30,6351.7998046875
2018-08-31,6319.5
2018-09-03,6310.89990234375
2018-09-04,6293.10009765625
2018-09-05,6230.39990234375
2018-09-06,6160.39990234375
2018-09-07,6143.7998046875
2018-09-10,6141.7001953125
2018-09-11,6179.7001953125
2018-09-12,6175.89990234375
2018-09-13,6128.7001953125
2018-09-14,6165.2998046875
2018-09-17,6185.0
2018-09-18,6161.5
2018-09-19,6190.0
2018-09-20,6169.5
2018-09-21,6194.60009765625
2018-09-24,6186.89990234375
2018-09-25,6185.89990234375
2018-09-26,6192.2998046875
2018-09-27,6181.2001953125
2018-09-28,6207.60009765625
2018-10-01,6172.2998046875
2018-10-02,6126.2001953125
2018-10-03,6146.10009765625
2018-10-04,6176.2998046875
2018-10-05,6185.5
2018-10-08,6100.2998046875
2018-10-09,6041.10009765625
2018-10-10,6049.7998046875
2018-10-11,5883.7998046875
2018-10-12,5895.7001953125
2018-10-15,5837.10009765625
2018-10-16,5869.89990234375
2018-10-17,5939.10009765625
2018-10-18,5942.39990234375
2018-10-19,5939.5
2018-10-22,5904.89990234375
2018-10-23,5843.10009765625
2018-10-24,5829.0
2018-10-25,5664.10009765625
2018-10-26,5665.2001953125
2018-10-29,5728.2001953125
2018-10-30,5805.10009765625
2018-10-31,5830.2998046875
2018-11-01,5840.7998046875
2018-11-02,5849.2001953125
2018-11-05,5818.10009765625
2018-11-06,5875.2001953125
2018-11-07,5896.89990234375
2018-11-08,5928.2001953125
2018-11-09,5921.7998046875
2018-11-12,5941.2998046875
2018-11-13,5834.2001953125
2018-11-14,5732.7998046875
2018-11-15,5736.0
2018-11-16,5730.60009765625
2018-11-19,5693.7001953125
2018-11-20,5671.7998046875
2018-11-21,5642.7998046875
2018-11-22,5691.2998046875
2018-11-23,5716.2001953125
2018-11-26,5671.60009765625
2018-11-27,5728.2998046875
2018-11-28,5725.10009765625
2018-11-29,5758.39990234375
2018-11-30,5667.2001953125
2018-12-03,5771.2001953125
2018-12-04,5713.10009765625
2018-12-05,5668.39990234375
2018-12-06,5657.60009765625
2018-12-07,5681.5
2018-12-10,5552.5
2018-12-11,5575.89990234375
2018-12-12,5653.5
2018-12-13,5661.60009765625
2018-12-14,5602.0
2018-12-17,5658.2998046875
2018-12-18,5589.5
2018-12-19,5580.60009765625
2018-12-20,5505.7998046875
2018-12-21,5467.60009765625
2018-12-24,5493.7998046875
2018-12-27,5597.2001953125
2018-12-28,5654.2998046875
2018-12-31,5646.39990234375
2019-01-02,5557.7998046875
2019-01-03,5633.39990234375
2019-01-04,5619.39990234375
2019-01-07,5683.2001953125
2019-01-08,5722.39990234375
2019-01-09,5778.2998046875
2019-01-10,5795.2998046875
2019-01-11,5774.60009765625
2019-01-14,5773.39990234375
2019-01-15,5814.60009765625
2019-01-16,5835.2001953125
2019-01-17,5850.10009765625
2019-01-18,5879.60009765625
2019-01-21,5890.39990234375
2019-01-22,5858.7998046875
2019-01-23,5843.7001953125
2019-01-24,5865.7001953125
2019-01-25,5905.60009765625
2019-01-29,5874.2001953125
2019-01-30,5886.7001953125
2019-01-31,5864.7001953125
2019-02-01,5862.7998046875
2019-02-04,5891.2001953125
2019-02-05,6005.89990234375
2019-02-06,6026.10009765625
2019-02-07,6092.5
2019-02-08,6071.5
2019-02-11,6060.7998046875
2019-02-12,6079.10009765625
2019-02-13,6063.60009765625
2019-02-14,6059.39990234375
2019-02-15,6066.10009765625
2019-02-18,6089.7998046875
2019-02-19,6106.89990234375
2019-02-20,6096.5
2019-02-21,6139.2001953125
2019-02-22,6167.2998046875
2019-02-25,6186.2998046875
2019-02-26,6128.39990234375
2019-02-27,6150.2998046875
2019-02-28,6169.0
2019-03-01,6192.7001953125
2019-03-04,6217.39990234375
2019-03-05,6199.2998046875
2019-03-06,6245.60009765625
2019-03-07,6263.89990234375
2019-03-08,6203.7998046875
2019-03-11,6180.2001953125
2019-03-12,6174.7998046875
2019-03-13,6161.2001953125
2019-03-14,6179.60009765625
2019-03-15,6175.2001953125
2019-03-18,6190.5
2019-03-19,6184.7998046875
2019-03-20,6165.2998046875
2019-03-21,6167.2001953125
2019-03-22,6195.2001953125
2019-03-25,6126.2001953125
2019-03-26,6130.60009765625
2019-03-27,6136.0
2019-03-28,6176.10009765625
2019-03-29,6180.7001953125
2019-04-01,6217.0
2019-04-02,6242.39990234375
2019-04-03,6285.0
2019-04-04,6232.7998046875
2019-04-05,6181.2998046875
2019-04-08,6221.39990234375
2019-04-09,6221.7998046875
2019-04-10,6223.5
2019-04-11,6198.7001953125
2019-04-12,6251.2998046875
2019-04-15,6251.39990234375
2019-04-16,6277.39990234375
2019-04-17,6256.39990234375
2019-04-18,6259.7998046875
2019-04-23,6319.39990234375
2019-04-24,6382.10009765625
2019-04-26,6385.60009765625
2019-04-29,6359.5
2019-04-30,6325.5
2019-05-01,6375.89990234375
2019-05-02,6338.39990234375
2019-05-03,6335.7998046875
2019-05-06,6283.7001953125
2019-05-07,6295.7001953125
2019-05-08,6269.10009765625
2019-05-09,6295.2998046875
2019-05-10,6310.89990234375
2019-05-13,6297.60009765625
2019-05-14,6239.89990234375
2019-05-15,6284.2001953125
2019-05-16,6327.7998046875
2019-05-17,6365.2998046875
2019-05-20,6476.10009765625
2019-05-21,6500.10009765625
2019-05-22,6510.7001953125
2019-05-23,6491.7998046875
2019-05-24,6456.0
2019-05-27,6451.89990234375
2019-05-28,6484.7998046875
2019-05-29,6440.0
2019-05-30,6392.10009765625
2019-05-31,6396.89990234375
2019-06-03,6320.5
2019-06-04,6332.39990234375
2019-06-05,6358.5
2019-06-06,6383.0
2019-06-07,6443.89990234375
2019-06-11,6546.2998046875
2019-06-12,6543.7001953125
2019-06-13,6542.39990234375
2019-06-14,6554.0
2019-06-17,6530.89990234375
2019-06-18,6570.0
2019-06-19,6648.10009765625
2019-06-20,6687.39990234375
2019-06-21,6650.7998046875
2019-06-24,6665.39990234375
2019-06-25,6658.0
2019-06-26,6640.5
2019-06-27,6666.2998046875
2019-06-28,6618.7998046875
2019-07-01,6648.10009765625
2019-07-02,6653.2001953125
2019-07-03,6685.5
2019-07-04,6718.0
2019-07-05,6751.2998046875
2019-07-08,6672.2001953125
2019-07-09,6665.7001953125
2019-07-10,6689.7998046875
2019-07-11,6716.10009765625
2019-07-12,6696.5
2019-07-15,6653.0
2019-07-16,6641.0
2019-07-17,6673.2998046875
2019-07-18,6649.10009765625
2019-07-19,6700.2998046875
2019-07-22,6691.2001953125
2019-07-23,6724.60009765625
2019-07-24,6776.7001953125
2019-07-25,6818.0
2019-07-26,6793.39990234375
2019-07-29,6825.7998046875
2019-07-30,6845.10009765625
2019-07-31,6812.60009765625
2019-08-01,6788.89990234375
2019-08-02,6768.60009765625
2019-08-05,6640.2998046875
2019-08-06,6478.10009765625
2019-08-07,6519.5
2019-08-08,6568.10009765625
2019-08-09,6584.39990234375
2019-08-12,6590.2998046875
2019-08-13,6568.5
2019-08-14,6595.89990234375
2019-08-15,6408.10009765625
2019-08-16,6405.5
2019-08-19,6467.39990234375
2019-08-20,6545.0
2019-08-21,6483.2998046875
2019-08-22,6501.7998046875
2019-08-23,6523.10009765625
2019-08-26,6440.10009765625
2019-08-27,6471.2001953125
2019-08-28,6500.60009765625
2019-08-29,6507.39990234375
2019-08-30,6604.2001953125
2019-09-02,6579.39990234375
2019-09-03,6573.39990234375
2019-09-04,6553.0
2019-09-05,6613.2001953125
2019-09-06,6647.2998046875
2019-09-09,6648.0
2019-09-10,6614.10009765625
2019-09-11,6638.0
2019-09-12,6654.89990234375
2019-09-13,6669.2001953125
2019-09-16,6673.5
2019-09-17,6695.2998046875
2019-09-18,6681.60009765625
2019-09-19,6717.5
2019-09-20,6730.7998046875
2019-09-23,6749.7001953125
2019-09-24,6748.89990234375
2019-09-25,6710.2001953125
2019-09-26,6677.60009765625
2019-09-27,6716.10009765625
2019-09-30,6688.2998046875
2019-10-01,6742.7998046875
2019-10-02,6639.89990234375
2019-10-04,6517.10009765625
2019-10-07,6563.60009765625
2019-10-08,6593.39990234375
2019-10-09,6546.7001953125
2019-10-10,6547.10009765625
2019-10-11,6606.7998046875
2019-10-14,6642.60009765625
2019-10-15,6652.0
2019-10-16,6736.5
2019-10-17,6684.7001953125
2019-10-18,6649.7001953125
2019-10-21,6652.5
2019-10-22,6672.2001953125
2019-10-23,6673.10009765625
2019-10-24,6693.60009765625
2019-10-25,6739.2001953125
2019-10-28,6740.7001953125
2019-10-29,6745.39990234375
2019-10-30,6689.5
2019-10-31,6663.39990234375
2019-11-01,6669.10009765625
2019-11-04,6686.89990234375
2019-11-05,6697.10009765625
2019-11-06,6660.2001953125
2019-11-07,6726.60009765625
2019-11-08,6724.10009765625
2019-11-11,6772.5
2019-11-12,6753.0
2019-11-13,6698.39990234375
2019-11-14,6735.10009765625
2019-11-15,6793.7001953125
2019-11-18,6766.7998046875
2019-11-19,6814.2001953125
2019-11-20,6722.39990234375
2019-11-21,6672.89990234375
2019-11-22,6709.7998046875
2019-11-25,6731.39990234375
2019-11-26,6787.5
2019-11-27,6850.60009765625
2019-11-28,6864.0
2019-11-29,6846.0
2019-12-02,6862.2998046875
2019-12-03,6712.2998046875
2019-12-04,6606.5
2019-12-05,6683.0
2019-12-06,6707.0
2019-12-09,6730.0
2019-12-10,6706.89990234375
2019-12-11,6752.60009765625
2019-12-12,6708.7998046875
2019-12-13,6739.7001953125
2019-12-16,6849.7001953125
2019-12-17,6847.2998046875
2019-12-18,6851.39990234375
2019-12-19,6833.10009765625
2019-12-20,6816.2998046875
2019-12-23,6785.10009765625
2019-12-24,6794.2001953125
2019-12-27,6821.7001953125
2019-12-30,6804.89990234375
2019-12-31,6684.10009765625
2020-01-02,6690.60009765625
2020-01-03,6733.5
2020-01-06,6735.7001953125
2020-01-07,6826.39990234375
2020-01-08,6817.60009765625
2020-01-09,6874.2001953125
2020-01-10,6929.0
2020-01-13,6903.7001953125
2020-01-14,6962.2001953125
2020-01-15,6994.7998046875
2020-01-16,7041.7998046875
2020-01-17,7064.10009765625
2020-01-20,7079.5
2020-01-21,7066.2998046875
2020-01-22,7132.7001953125
2020-01-23,7088.0
2020-01-24,7090.5
2020-01-28,7023.5
2020-01-29,7031.5
2020-01-30,7008.39990234375
2020-01-31,7017.2001953125
2020-02-03,6923.2998046875
2020-02-04,6948.7001953125
2020-02-05,6976.10009765625
2020-02-06,7049.2001953125
2020-02-07,7022.60009765625
2020-02-10,7012.5
2020-02-11,7055.2998046875
2020-02-12,7088.2001953125
2020-02-13,7103.2001953125
2020-02-14,7130.2001953125
2020-02-17,7125.10009765625
2020-02-18,7113.7001953125
2020-02-19,7144.60009765625
2020-02-20,7162.5
2020-02-21,7139.0
2020-02-24,6978.2998046875
2020-02-25,6866.60009765625
2020-02-26,6708.10009765625
2020-02-27,6657.89990234375
2020-02-28,6441.2001953125
2020-03-02,6391.5
2020-03-03,6435.7001953125
2020-03-04,6325.39990234375
2020-03-05,6395.7001953125
2020-03-06,6216.2001953125
2020-03-09,5760.60009765625
2020-03-10,5939.60009765625
2020-03-11,5725.89990234375
2020-03-12,5304.60009765625
2020-03-13,5539.2998046875
2020-03-16,5002.0
2020-03-17,5293.39990234375
2020-03-18,4953.2001953125
2020-03-19,4782.89990234375
2020-03-20,4816.60009765625
2020-03-23,4546.0
2020-03-24,4735.7001953125
2020-03-25,4998.10009765625
2020-03-26,5113.2998046875
2020-03-27,4842.39990234375
2020-03-30,5181.39990234375
2020-03-31,5076.7998046875
2020-04-01,5258.60009765625
2020-04-02,5154.2998046875
2020-04-03,5067.5
2020-04-06,5286.7998046875
2020-04-07,5252.2998046875
2020-04-08,5206.89990234375
2020-04-09,5387.2998046875
2020-04-14,5488.10009765625
2020-04-15,5466.7001953125
2020-04-16,5416.2998046875
2020-04-17,5487.5
2020-04-20,5353.0
2020-04-21,5221.2998046875
2020-04-22,5221.2001953125
2020-04-23,5217.10009765625
2020-04-24,5242.60009765625
2020-04-27,5321.39990234375
2020-04-28,5313.10009765625
2020-04-29,5393.39990234375
2020-04-30,5522.39990234375
2020-05-01,5245.89990234375
2020-05-04,5319.7998046875
2020-05-05,5407.10009765625
2020-05-06,5384.60009765625
2020-05-07,5364.2001953125
2020-05-08,5391.10009765625
2020-05-11,5461.2001953125
2020-05-12,5403.0
2020-05-13,5421.89990234375
2020-05-14,5328.7001953125
2020-05-15,5404.7998046875
2020-05-18,5460.5
2020-05-19,5559.5
2020-05-20,5573.0
2020-05-21,5550.39990234375
2020-05-22,5497.0
2020-05-25,5615.60009765625
2020-05-26,5780.0
2020-05-27,5775.0
2020-05-28,5851.10009765625
2020-05-29,5755.7001953125
2020-06-01,5819.2001953125
2020-06-02,5835.10009765625
2020-06-03,5941.60009765625
2020-06-04,5991.7998046875
2020-06-05,5998.7001953125
2020-06-09,6144.89990234375
2020-06-10,6148.39990234375
2020-06-11,5960.60009765625
2020-06-12,5847.7998046875
2020-06-15,5719.7998046875
2020-06-16,5942.2998046875
2020-06-17,5991.7998046875
2020-06-18,5936.5
2020-06-19,5942.60009765625
2020-06-22,5944.5
2020-06-23,5954.39990234375
2020-06-24,5965.7001953125
2020-06-25,5817.7001953125
2020-06-26,5904.10009765625
2020-06-29,5815.0
2020-06-30,5897.89990234375
2020-07-01,5934.39990234375
2020-07-02,6032.7001953125
2020-07-03,6057.89990234375
2020-07-06,6014.60009765625
2020-07-07,6012.89990234375
2020-07-08,5920.2998046875
2020-07-09,5955.5
2020-07-10,5919.2001953125
2020-07-13,5977.5
2020-07-14,5941.10009765625
2020-07-15,6052.89990234375
2020-07-16,6010.89990234375
2020-07-17,6033.60009765625
2020-07-20,6001.60009765625
2020-07-21,6156.2998046875
2020-07-22,6075.10009765625
2020-07-23,6094.5
2020-07-24,6024.0
2020-07-27,6044.2001953125
2020-07-28,6020.5
2020-07-29,6006.39990234375
2020-07-30,6051.10009765625
2020-07-31,5927.7998046875
2020-08-03,5926.10009765625
2020-08-04,6037.60009765625
2020-08-05,6001.2998046875
2020-08-06,6042.2001953125
2020-08-07,6004.7998046875
2020-08-10,6110.2001953125
2020-08-11,6138.7001953125
2020-08-12,6132.0
2020-08-13,6091.0
2020-08-14,6126.2001953125
2020-08-17,6076.39990234375
2020-08-18,6123.39990234375
2020-08-19,6167.60009765625
2020-08-20,6120.0
2020-08-21,6111.2001953125
2020-08-24,6129.60009765625
2020-08-25,6161.39990234375
2020-08-26,6116.39990234375
2020-08-27,6126.2001953125
2020-08-28,6073.7998046875
2020-08-31,6060.5
2020-09-01,5953.39990234375
2020-09-02,6063.2001953125
2020-09-03,6112.60009765625
2020-09-04,5925.5
2020-09-07,5944.7998046875
2020-09-08,6007.7998046875
2020-09-09,5878.60009765625
2020-09-10,5908.5
2020-09-11,5859.39990234375
2020-09-14,5899.5
2020-09-15,5894.7998046875
2020-09-16,5956.10009765625
2020-09-17,5883.2001953125
2020-09-18,5864.5
2020-09-21,5822.60009765625
2020-09-22,5784.10009765625
2020-09-23,5923.89990234375
2020-09-24,5875.89990234375
2020-09-25,5964.89990234375
2020-09-28,5952.2998046875
2020-09-29,5952.10009765625
2020-09-30,5815.89990234375
2020-10-01,5872.89990234375
2020-10-02,5791.5
2020-10-05,5941.60009765625
2020-10-06,5962.10009765625
2020-10-07,6036.39990234375
2020-10-08,6102.0
2020-10-09,6102.2001953125
2020-10-12,6132.0
2020-10-13,6195.7001953125
2020-10-14,6179.2001953125
2020-10-15,6210.2998046875
2020-10-16,6176.7998046875
2020-10-19,6229.39990234375
2020-10-20,6184.60009765625
2020-10-21,6191.7998046875
2020-10-22,6173.7998046875
2020-10-23,6167.0
2020-10-26,6155.60009765625
2020-10-27,6051.0
2020-10-28,6057.7001953125
2020-10-29,5960.2998046875
2020-10-30,5927.60009765625
2020-11-02,5951.2998046875
2020-11-03,6066.39990234375
2020-11-04,6062.10009765625
2020-11-05,6139.60009765625
2020-11-06,6190.2001953125
2020-11-09,6298.7998046875
2020-11-10,6340.5
2020-11-11,6449.7001953125
2020-11-12,6418.2001953125
2020-11-13,6405.2001953125
2020-11-16,6484.2998046875
2020-11-17,6498.2001953125
2020-11-18,6531.10009765625
2020-11-19,6547.2001953125
2020-11-20,6539.2001953125
2020-11-23,6561.60009765625
2020-11-24,6644.10009765625
2020-11-25,6683.2998046875
2020-11-26,6636.39990234375
2020-11-27,6601.10009765625
2020-11-30,6517.7998046875
2020-12-01,6588.5
2020-12-02,6590.2001953125
2020-12-03,6615.2998046875
2020-12-04,6634.10009765625
2020-12-07,6675.0
2020-12-08,6687.7001953125
2020-12-09,6728.5
2020-12-10,6683.10009765625
2020-12-11,6642.60009765625
2020-12-14,6660.2001953125
2020-12-15,6631.2998046875
2020-12-16,6679.2001953125
2020-12-17,6756.7001953125
2020-12-18,6675.5
2020-12-21,6669.89990234375
2020-12-22,6599.60009765625
2020-12-23,6643.10009765625
2020-12-24,6664.7998046875
2020-12-29,6700.2998046875
2020-12-30,6682.39990234375
2020-12-31,6587.10009765625
2021-01-04,6684.2001953125
2021-01-05,6681.89990234375
2021-01-06,6607.10009765625
2021-01-07,6712.0
2021-01-08,6757.89990234375
2021-01-11,6697.2001953125
2021-01-12,6679.10009765625
2021-01-13,6686.60009765625
2021-01-14,6715.2998046875
2021-01-15,6715.39990234375
2021-01-18,6663.0
2021-01-19,6742.60009765625
2021-01-20,6770.39990234375
2021-01-21,6823.7001953125
2021-01-22,6800.39990234375
2021-01-25,6824.7001953125
2021-01-27,6780.60009765625
2021-01-28,6649.7001953125
2021-01-29,6607.39990234375
2021-02-01,6663.0
2021-02-02,6762.60009765625
2021-02-03,6824.60009765625
2021-02-04,6765.5
2021-02-05,6840.5
2021-02-08,6880.7001953125
2021-02-09,6821.2001953125
2021-02-10,6856.89990234375
2021-02-11,6850.10009765625
2021-02-12,6806.7001953125
2021-02-15,6868.89990234375
2021-02-16,6917.2998046875
2021-02-17,6885.2001953125
2021-02-18,6885.89990234375
2021-02-19,6793.7998046875
2021-02-22,6780.89990234375
2021-02-23,6839.2001953125
2021-02-24,6777.7998046875
2021-02-25,6834.0
2021-02-26,6673.2998046875
2021-03-01,6789.60009765625
2021-03-02,6762.2998046875
2021-03-03,6818.0
2021-03-04,6760.7001953125
2021-03-05,6710.7998046875
2021-03-08,6739.60009765625
2021-03-09,6771.2001953125
2021-03-10,6714.10009765625
2021-03-11,6713.89990234375
2021-03-12,6766.7998046875
2021-03-15,6773.0
2021-03-16,6827.10009765625
2021-03-17,6795.2001953125
2021-03-18,6745.89990234375
2021-03-19,6708.2001953125
2021-03-22,6752.5
2021-03-23,6745.39990234375
2021-03-24,6778.7998046875
2021-03-25,6790.60009765625
2021-03-26,6824.2001953125
2021-03-29,6799.5
2021-03-30,6738.39990234375
2021-03-31,6790.7001953125
2021-04-01,6828.7001953125
2021-04-06,6885.89990234375
2021-04-07,6928.0
2021-04-08,6998.7998046875
2021-04-09,6995.2001953125
2021-04-12,6974.0
2021-04-13,6976.89990234375
2021-04-14,7023.10009765625
2021-04-15,7058.60009765625
2021-04-16,7063.5
2021-04-19,7065.60009765625
2021-04-20,7017.7998046875
2021-04-21,6997.5
2021-04-22,7055.39990234375
2021-04-23,7060.7001953125
2021-04-26,7045.60009765625
2021-04-27,7033.7998046875
2021-04-28,7064.7001953125
2021-04-29,7082.2998046875
2021-04-30,7025.7998046875
2021-05-03,7028.7998046875
2021-05-04,7067.89990234375
2021-05-05,7095.7998046875
2021-05-06,7061.7001953125
2021-05-07,7080.7998046875
2021-05-10,7172.7998046875
2021-05-11,7097.0
2021-05-12,7044.89990234375
2021-05-13,6982.7001953125
2021-05-14,7014.2001953125
2021-05-17,7023.60009765625
2021-05-18,7066.0
2021-05-19,6931.7001953125
2021-05-20,7019.60009765625
2021-05-21,7030.2998046875
2021-05-24,7045.89990234375
2021-05-25,7115.2001953125
2021-05-26,7092.5
2021-05-27,7094.89990234375
2021-05-28,7179.5
2021-05-31,7161.60009765625
2021-06-01,7142.60009765625
2021-06-02,7217.7998046875
2021-06-03,7260.10009765625
2021-06-04,7295.39990234375
2021-06-07,7281.89990234375
2021-06-08,7292.60009765625
2021-06-09,7270.2001953125
2021-06-10,7302.5
2021-06-11,7312.2998046875
2021-06-15,7379.5
2021-06-16,7386.2001953125
2021-06-17,7359.0
2021-06-18,7368.89990234375
2021-06-21,7235.2998046875
2021-06-22,7342.2001953125
2021-06-23,7298.5
2021-06-24,7275.2998046875
2021-06-25,7308.0
2021-06-28,7307.2998046875
2021-06-29,7301.2001953125
2021-06-30,7313.0
2021-07-01,7265.60009765625
2021-07-02,7308.60009765625
2021-07-05,7315.0
2021-07-06,7261.7998046875
2021-07-07,7326.89990234375
2021-07-08,7341.39990234375
2021-07-09,7251.7998046875
2021-07-12,7333.5
2021-07-13,7332.10009765625
2021-07-14,7354.7001953125
2021-07-15,7335.89990234375
2021-07-16,7348.10009765625
2021-07-19,7286.0
2021-07-20,7252.2001953125
2021-07-21,7308.7001953125
2021-07-22,7386.39990234375
2021-07-23,7394.39990234375
2021-07-26,7394.2998046875
2021-07-27,7431.39990234375
2021-07-28,7379.2998046875
2021-07-29,7417.39990234375
2021-07-30,7392.60009765625
2021-08-02,7491.39990234375
2021-08-03,7474.5
2021-08-04,7503.2001953125
2021-08-05,7511.10009765625
2021-08-06,7538.39990234375
2021-08-09,7538.39990234375
2021-08-10,7562.60009765625
2021-08-11,7584.2998046875
2021-08-12,7588.2001953125
2021-08-13,7628.89990234375
2021-08-16,7582.5
2021-08-17,7511.0
2021-08-18,7502.10009765625
2021-08-19,7464.60009765625
2021-08-20,7460.89990234375
2021-08-23,7489.89990234375
2021-08-24,7503.0
2021-08-25,7531.89990234375
2021-08-26,7491.2001953125
2021-08-27,7488.2998046875
2021-08-30,7504.5
2021-08-31,7534.89990234375
2021-09-01,7527.10009765625
2021-09-02,7485.7001953125
2021-09-03,7522.89990234375
2021-09-06,7528.5
2021-09-07,7530.2998046875
2021-09-08,7512.0
2021-09-09,7369.5
2021-09-10,7406.60009765625
2021-09-13,7425.2001953125
2021-09-14,7437.2998046875
2021-09-15,7417.0
2021-09-16,7460.2001953125
2021-09-17,7403.7001953125
2021-09-20,7248.2001953125
2021-09-21,7273.7998046875
2021-09-22,7296.89990234375
2021-09-23,7370.2001953125
2021-09-24,7342.60009765625
2021-09-27,7384.2001953125
2021-09-28,7275.60009765625
2021-09-29,7196.7001953125
2021-09-30,7332.2001953125
2021-10-01,7185.5
2021-10-04,7278.5
2021-10-05,7248.39990234375
2021-10-06,7206.5
2021-10-07,7256.7001953125
2021-10-08,7320.10009765625
2021-10-11,7299.7998046875
2021-10-12,7280.7001953125
2021-10-13,7272.5
2021-10-14,7311.7001953125
2021-10-15,7362.0
2021-10-18,7381.10009765625
2021-10-19,7374.89990234375
2021-10-20,7413.7001953125
2021-10-21,7415.39990234375
2021-10-22,7415.5
2021-10-25,7441.0
2021-10-26,7443.39990234375
2021-10-27,7448.7001953125
2021-10-28,7430.39990234375
2021-10-29,7323.7001953125
2021-11-01,7370.7998046875
2021-11-02,7324.2998046875
2021-11-03,7392.7001953125
2021-11-04,7428.0
2021-11-05,7456.89990234375
2021-11-08,7452.2001953125
2021-11-09,7434.2001953125
2021-11-10,7423.89990234375
2021-11-11,7381.89990234375
2021-11-12,7443.0
2021-11-15,7470.10009765625
2021-11-16,7420.39990234375
2021-11-17,7369.89990234375
2021-11-18,7379.2001953125
2021-11-19,7396.5
2021-11-22,7353.10009765625
2021-11-23,7410.60009765625
2021-11-24,7399.39990234375
2021-11-25,7407.2998046875
2021-11-26,7279.2998046875
2021-11-29,7239.7998046875
2021-11-30,7256.0
2021-12-01,7235.89990234375
2021-12-02,7225.2001953125
2021-12-03,7241.2001953125
2021-12-06,7245.10009765625
2021-12-07,7313.89990234375
2021-12-08,7405.39990234375
2021-12-09,7384.5
2021-12-10,7353.5
2021-12-13,7379.2998046875
2021-12-14,7378.39990234375
2021-12-15,7327.10009765625
2021-12-16,7295.7001953125
2021-12-17,7304.0
2021-12-20,7292.2001953125
2021-12-21,7355.0
2021-12-22,7364.7998046875
2021-12-23,7387.60009765625
2021-12-24,7420.2998046875
2021-12-29,7509.7998046875
2021-12-30,7513.39990234375
2021-12-31,7444.60009765625
2022-01-04,7589.7998046875
2022-01-05,7565.7998046875
2022-01-06,7358.2998046875
2022-01-07,7453.2998046875
2022-01-10,7447.10009765625
2022-01-11,7390.10009765625
2022-01-12,7438.89990234375
2022-01-13,7474.39990234375
2022-01-14,7393.89990234375
2022-01-17,7417.2998046875
2022-01-18,7408.7998046875
2022-01-19,7332.5
2022-01-20,7342.39990234375
2022-01-21,7175.7998046875
2022-01-24,7139.5
2022-01-25,6961.60009765625
2022-01-27,6838.2998046875
2022-01-28,6988.10009765625
2022-01-31,6971.60009765625
2022-02-01,7006.0
2022-02-02,7087.7001953125
2022-02-03,7078.0
2022-02-04,7120.2001953125
2022-02-07,7110.7998046875
2022-02-08,7186.7001953125
2022-02-09,7268.2998046875
2022-02-10,7288.5
2022-02-11,7217.2998046875
2022-02-14,7243.89990234375
2022-02-15,7206.89990234375
2022-02-16,7284.89990234375
2022-02-17,7296.2001953125
2022-02-18,7221.7001953125
2022-02-21,7233.60009765625
2022-02-22,7161.2998046875
2022-02-23,7205.7001953125
2022-02-24,6990.60009765625
2022-02-25,6997.7998046875
2022-02-28,7049.10009765625
2022-03-01,7096.5
2022-03-02,7116.7001953125
2022-03-03,7151.39990234375
2022-03-04,7110.7998046875
2022-03-07,7038.60009765625
2022-03-08,6980.2998046875
2022-03-09,7053.0
2022-03-10,7130.7998046875
2022-03-11,7063.60009765625
2022-03-14,7149.39990234375
2022-03-15,7097.39990234375
2022-03-16,7175.2001953125
2022-03-17,7250.7998046875
2022-03-18,7294.39990234375
2022-03-21,7278.5
2022-03-22,7341.10009765625
2022-03-23,7377.89990234375
2022-03-24,7387.10009765625
2022-03-25,7406.2001953125
2022-03-28,7412.39990234375
2022-03-29,7464.2998046875
2022-03-30,7514.5
2022-03-31,7499.60009765625
2022-04-01,7493.7998046875
2022-04-04,7513.7001953125
2022-04-05,7527.89990234375
2022-04-06,7490.10009765625
2022-04-07,7442.7998046875
2022-04-08,7478.0
2022-04-11,7485.2001953125
2022-04-12,7454.0
2022-04-13,7479.0
2022-04-14,7523.39990234375
2022-04-19,7565.2001953125
2022-04-20,7569.2001953125
2022-04-21,7592.7998046875
2022-04-22,7473.2998046875
2022-04-26,7318.0
2022-04-27,7261.2001953125
2022-04-28,7356.89990234375
2022-04-29,7435.0
2022-05-02,7347.0
2022-05-03,7316.2001953125
2022-05-04,7304.7001953125
2022-05-05,7364.7001953125
2022-05-06,7205.60009765625
2022-05-09,7120.7001953125
2022-05-10,7051.2001953125
2022-05-11,7064.7001953125
2022-05-12,6941.0
2022-05-13,7075.10009765625
2022-05-16,7093.0
2022-05-17,7112.5
2022-05-18,7182.7001953125
2022-05-19,7064.5
2022-05-20,7145.60009765625
2022-05-23,7148.89990234375
2022-05-24,7128.7998046875
2022-05-25,7155.2001953125
2022-05-26,7105.89990234375
2022-05-27,7182.7001953125
2022-05-30,7286.60009765625
2022-05-31,7211.2001953125
2022-06-01,7234.0
2022-06-02,7175.89990234375
2022-06-03,7238.7998046875
2022-06-06,7206.2998046875
2022-06-07,7095.7001953125
2022-06-08,7121.10009765625
2022-06-09,7019.7001953125
2022-06-10,6932.0
2022-06-14,6686.0
2022-06-15,6601.0
2022-06-16,6591.10009765625
2022-06-17,6474.7998046875
2022-06-20,6433.39990234375
2022-06-21,6523.7998046875
2022-06-22,6508.5
2022-06-23,6528.39990234375
2022-06-24,6578.7001953125
2022-06-27,6706.0
2022-06-28,6763.60009765625
2022-06-29,6700.2001953125
2022-06-30,6568.10009765625
2022-07-01,6539.89990234375
2022-07-04,6612.60009765625
2022-07-05,6629.2998046875
2022-07-06,6594.5
2022-07-07,6648.0
2022-07-08,6678.0
2022-07-11,6602.2001953125
2022-07-12,6606.2998046875
2022-07-13,6621.60009765625
2022-07-14,6650.60009765625
2022-07-15,6605.60009765625
2022-07-18,6687.10009765625
2022-07-19,6649.60009765625
2022-07-20,6759.2001953125
2022-07-21,6794.2998046875
2022-07-22,6791.5
2022-07-25,6789.89990234375
2022-07-26,6807.2998046875
2022-07-27,6823.2001953125
2022-07-28,6889.7001953125
2022-07-29,6945.2001953125
2022-08-01,6993.0
2022-08-02,6998.10009765625
2022-08-03,6975.89990234375
2022-08-04,6974.89990234375
2022-08-05,7015.60009765625
2022-08-08,7020.60009765625
2022-08-09,7029.7998046875
2022-08-10,6992.7001953125
2022-08-11,7071.0
2022-08-12,7032.5
2022-08-15,7064.2998046875
2022-08-16,7105.39990234375
2022-08-17,7127.7001953125
2022-08-18,7112.7998046875
2022-08-19,7114.5
2022-08-22,7046.89990234375
2022-08-23,6961.7998046875
2022-08-24,6998.10009765625
2022-08-25,7048.10009765625
2022-08-26,7104.10009765625
2022-08-29,6965.5
2022-08-30,6998.2998046875
2022-08-31,6986.7998046875
2022-09-01,6845.60009765625
2022-09-02,6828.7001953125
2022-09-05,6852.2001953125
2022-09-06,6826.5
2022-09-07,6729.2998046875
2022-09-08,6848.7001953125
2022-09-09,6894.2001953125
2022-09-12,6964.5
2022-09-13,7009.7001953125
2022-09-14,6828.60009765625
2022-09-15,6842.89990234375
2022-09-16,6739.10009765625
2022-09-19,6719.89990234375
2022-09-20,6806.39990234375
2022-09-21,6700.2001953125
2022-09-23,6574.7001953125
2022-09-26,6469.39990234375
2022-09-27,6496.2001953125
2022-09-28,6462.0
2022-09-29,6555.0
2022-09-30,6474.2001953125
2022-10-03,6456.89990234375
2022-10-04,6699.2998046875
2022-10-05,6815.7001953125
2022-10-06,6817.5
2022-10-07,6762.7998046875
2022-10-10,6667.7998046875
2022-10-11,6645.0
2022-10-12,6647.5
2022-10-13,6642.60009765625
2022-10-14,6758.7998046875
2022-10-17,6664.39990234375
2022-10-18,6779.2001953125
2022-10-19,6800.10009765625
2022-10-20,6730.7001953125
2022-10-21,6676.7998046875
2022-10-24,6779.39990234375
2022-10-25,6798.60009765625
2022-10-26,6810.89990234375
2022-10-27,6845.10009765625
2022-10-28,6785.7001953125
2022-10-31,6863.5
2022-11-01,6976.89990234375
2022-11-02,6986.7001953125
2022-11-03,6857.89990234375
2022-11-04,6892.5
2022-11-07,6933.7001953125
2022-11-08,6958.89990234375
2022-11-09,6999.2998046875
2022-11-10,6964.0
2022-11-11,7158.0
2022-11-14,7146.2998046875
2022-11-15,7141.60009765625
2022-11-16,7122.2001953125
2022-11-17,7135.7001953125
2022-11-18,7151.7998046875
2022-11-21,7139.2998046875
2022-11-22,7181.2998046875
2022-11-23,7247.39990234375
2022-11-24,7241.7998046875
2022-11-25,7259.5
2022-11-28,7229.10009765625
2022-11-29,7253.2998046875
2022-11-30,7284.2001953125
2022-12-01,7354.39990234375
2022-12-02,7301.5
2022-12-05,7325.60009765625
2022-12-06,7291.2998046875
2022-12-07,7229.39990234375
2022-12-08,7175.5
2022-12-09,7213.2001953125
2022-12-12,7180.7998046875
2022-12-13,7203.2998046875
2022-12-14,7251.2998046875
2022-12-15,7204.7998046875
2022-12-16,7148.7001953125
2022-12-19,7133.89990234375
2022-12-20,7024.2998046875
2022-12-21,7115.10009765625
2022-12-22,7152.5
2022-12-23,7107.7001953125
2022-12-28,7086.39990234375
2022-12-29,7020.10009765625
2022-12-30,7038.7001953125
2023-01-03,6946.2001953125
2023-01-04,7059.2001953125
2023-01-05,7063.60009765625
2023-01-06,7109.60009765625
2023-01-09,7151.2998046875
2023-01-10,7131.0
2023-01-11,7195.2998046875
2023-01-12,7280.39990234375
2023-01-13,7328.10009765625
2023-01-16,7388.2001953125
2023-01-17,7386.2998046875
2023-01-18,7393.39990234375
2023-01-19,7435.2998046875
2023-01-20,7452.2001953125
2023-01-23,7457.2998046875
2023-01-24,7490.39990234375
2023-01-25,7468.2998046875
2023-01-27,7493.7998046875
2023-01-30,7481.7001953125
2023-01-31,7476.7001953125
2023-02-01,7501.7001953125
2023-02-02,7511.60009765625
2023-02-03,7558.10009765625
2023-02-06,7539.0
2023-02-07,7504.10009765625
2023-02-08,7530.10009765625
2023-02-09,7490.2998046875
2023-02-10,7433.7001953125
2023-02-13,7417.7998046875
2023-02-14,7430.89990234375
2023-02-15,7352.2001953125
2023-02-16,7410.2998046875
2023-02-17,7346.7998046875
2023-02-20,7351.5
2023-02-21,7336.2998046875
2023-02-22,7314.5
2023-02-23,7285.39990234375
2023-02-24,7307.0
2023-02-27,7224.7998046875
2023-02-28,7258.39990234375
2023-03-01,7251.60009765625
2023-03-02,7255.39990234375
2023-03-03,7283.60009765625
2023-03-06,7328.60009765625
2023-03-07,7364.7001953125
2023-03-08,7307.7998046875
2023-03-09,7311.10009765625
2023-03-10,7144.7001953125
2023-03-13,7108.7998046875
2023-03-14,7008.89990234375
2023-03-15,7068.89990234375
2023-03-16,6965.5
2023-03-17,6994.7998046875
2023-03-20,6898.5
2023-03-21,6955.39990234375
2023-03-22,7015.60009765625
2023-03-23,6968.60009765625
2023-03-24,6955.2001953125
2023-03-27,6962.0
2023-03-28,7034.10009765625
2023-03-29,7050.2998046875
2023-03-30,7122.2998046875
2023-03-31,7177.7998046875
2023-04-03,7223.0
2023-04-04,7236.0
2023-04-05,7237.2001953125
2023-04-06,7219.0
2023-04-11,7309.89990234375
2023-04-12,7343.89990234375
2023-04-13,7324.10009765625
2023-04-14,7361.60009765625
2023-04-17,7381.5
2023-04-18,7360.2001953125
2023-04-19,7365.5
2023-04-20,7362.2001953125
2023-04-21,7330.39990234375
2023-04-24,7322.0
2023-04-26,7316.2998046875
2023-04-27,7292.7001953125
2023-04-28,7309.2001953125
2023-05-01,7334.60009765625
2023-05-02,7267.39990234375
2023-05-03,7197.39990234375
2023-05-04,7193.10009765625
2023-05-05,7220.0
2023-05-08,7276.5
2023-05-09,7264.10009765625
2023-05-10,7255.7001953125
2023-05-11,7251.89990234375
2023-05-12,7256.7001953125
2023-05-15,7267.10009765625
2023-05-16,7234.7001953125
2023-05-17,7199.2001953125
2023-05-18,7236.7998046875
2023-05-19,7279.5
2023-05-22,7263.2998046875
2023-05-23,7259.89990234375
2023-05-24,7213.7998046875
2023-05-25,7138.2001953125
2023-05-26,7154.7998046875
2023-05-29,7217.39990234375
2023-05-30,7209.2998046875
2023-05-31,7091.2998046875
2023-06-01,7110.7998046875
2023-06-02,7145.10009765625
2023-06-05,7216.2998046875
2023-06-06,7129.60009765625
2023-06-07,7118.0
2023-06-08,7099.7001953125
2023-06-09,7122.5
2023-06-13,7138.89990234375
2023-06-14,7161.7001953125
2023-06-15,7175.2998046875
2023-06-16,7251.2001953125
2023-06-19,7294.89990234375
2023-06-20,7357.7998046875
2023-06-21,7314.89990234375
2023-06-22,7195.5
2023-06-23,7099.2001953125
2023-06-26,7078.7001953125
2023-06-27,7118.2001953125
2023-06-28,7196.5
2023-06-29,7194.89990234375
2023-06-30,7203.2998046875
2023-07-03,7246.10009765625
2023-07-04,7279.0
2023-07-05,7253.2001953125
2023-07-06,7163.39990234375
2023-07-07,7042.2998046875
2023-07-10,7004.0
2023-07-11,7108.89990234375
2023-07-12,7135.7001953125
2023-07-13,7246.89990234375
2023-07-14,7303.10009765625
2023-07-17,7298.5
2023-07-18,7283.7998046875
2023-07-19,7323.7001953125
2023-07-20,7325.0
2023-07-21,7313.89990234375
2023-07-24,7306.39990234375
2023-07-25,7339.7001953125
2023-07-26,7402.0
2023-07-27,7455.89990234375
2023-07-28,7403.60009765625
2023-07-31,7410.39990234375
2023-08-01,7450.7001953125
2023-08-02,7354.60009765625
2023-08-03,7311.7001953125
2023-08-04,7325.2998046875
2023-08-07,7309.2001953125
2023-08-08,7311.10009765625
2023-08-09,7338.0
2023-08-10,7357.39990234375
2023-08-11,7340.10009765625
2023-08-14,7277.0
2023-08-15,7305.0
2023-08-16,7195.2001953125
2023-08-17,7146.0
2023-08-18,7148.10009765625
2023-08-21,7115.5
2023-08-22,7121.60009765625
2023-08-23,7148.39990234375
2023-08-24,7182.10009765625
2023-08-25,7115.2001953125
2023-08-28,7159.7998046875
2023-08-29,7210.5
2023-08-30,7297.7001953125
2023-08-31,7305.2998046875
2023-09-01,7278.2998046875
2023-09-04,7318.7998046875
2023-09-05,7314.2998046875
2023-09-06,7257.10009765625
2023-09-07,7171.0
2023-09-08,7156.7001953125
2023-09-11,7192.2998046875
2023-09-12,7206.89990234375
2023-09-13,7153.89990234375
2023-09-14,7186.5
2023-09-15,7279.0
2023-09-18,7230.39990234375
2023-09-19,7196.60009765625
2023-09-20,7163.2998046875
2023-09-21,7065.2001953125
2023-09-22,7068.7998046875
2023-09-25,7076.5
2023-09-26,7038.2001953125
2023-09-27,7030.2998046875
2023-09-28,7024.7998046875
2023-09-29,7048.60009765625
2023-10-02,7033.2001953125
2023-10-03,6943.39990234375
2023-10-04,6890.2001953125
2023-10-05,6925.5
2023-10-06,6954.2001953125
2023-10-09,6970.2001953125
2023-10-10,7040.60009765625
2023-10-11,7088.39990234375
2023-10-12,7091.0
2023-10-13,7051.0
2023-10-16,7026.5
2023-10-17,7056.10009765625
2023-10-18,7077.60009765625
2023-10-19,6981.60009765625
2023-10-20,6900.7001953125
2023-10-23,6844.10009765625
2023-10-24,6856.89990234375
2023-10-25,6854.2998046875
2023-10-26,6812.2998046875
2023-10-27,6826.89990234375
2023-10-30,6772.89990234375
2023-10-31,6780.7001953125
2023-11-01,6838.2998046875
2023-11-02,6899.7001953125
2023-11-03,6978.2001953125
2023-11-06,6997.39990234375
2023-11-07,6977.10009765625
2023-11-08,6995.39990234375
2023-11-09,7014.89990234375
2023-11-10,6976.5
2023-11-13,6948.7998046875
2023-11-14,7006.7001953125
2023-11-15,7105.89990234375
2023-11-16,7058.39990234375
2023-11-17,7049.39990234375
2023-11-20,7058.39990234375
2023-11-21,7078.2001953125
2023-11-22,7073.39990234375
2023-11-23,7029.2001953125
2023-11-24,7040.7998046875
2023-11-27,6987.60009765625
2023-11-28,7015.2001953125
2023-11-29,7035.2998046875
2023-11-30,7087.2998046875
2023-12-01,7073.2001953125
2023-12-04,7124.7001953125
2023-12-05,7061.60009765625
2023-12-06,7178.39990234375
2023-12-07,7173.2998046875
2023-12-08,7194.89990234375
2023-12-11,7199.0
2023-12-12,7235.2998046875
2023-12-13,7257.7998046875
2023-12-14,7377.89990234375
2023-12-15,7442.7001953125
2023-12-18,7426.39990234375
2023-12-19,7489.10009765625
2023-12-20,7537.89990234375
2023-12-21,7504.10009765625
2023-12-22,7501.60009765625
2023-12-27,7561.2001953125
2023-12-28,7614.2998046875
2023-12-29,7590.7998046875
2024-01-02,7627.7998046875
2024-01-03,7523.2001953125
2024-01-04,7494.10009765625
2024-01-05,7489.10009765625
2024-01-08,7451.5
2024-01-09,7520.5
2024-01-10,7468.5
2024-01-11,7506.0
2024-01-12,7498.2998046875
2024-01-15,7496.2998046875
2024-01-16,7414.7998046875
2024-01-17,7393.10009765625
2024-01-18,7346.5
2024-01-19,7421.2001953125
2024-01-22,7476.60009765625
2024-01-23,7514.89990234375
2024-01-24,7519.2001953125
2024-01-25,7555.39990234375
2024-01-29,7578.39990234375
2024-01-30,7600.2001953125
2024-01-31,7680.7001953125
2024-02-01,7588.2001953125
2024-02-02,7699.39990234375
2024-02-05,7625.89990234375
2024-02-06,7581.60009765625
2024-02-07,7624.89990234375
2024-02-08,7639.2001953125
2024-02-09,7644.7998046875
2024-02-12,7614.89990234375
2024-02-13,7603.60009765625
2024-02-14,7547.7001953125
2024-02-15,7605.7001953125
2024-02-16,7658.2998046875
2024-02-19,7665.10009765625
2024-02-20,7659.0
2024-02-21,7597.7998046875
2024-02-22,7611.2001953125
2024-02-23,7643.60009765625
2024-02-26,7652.7998046875
2024-02-27,7663.0
2024-02-28,7660.39990234375
2024-02-29,7698.7001953125
2024-03-01,7745.60009765625
2024-03-04,7735.7998046875
2024-03-05,7724.2001953125
2024-03-06,7733.5
2024-03-07,7763.7001953125
2024-03-08,7847.0
2024-03-11,7704.2001953125
2024-03-12,7712.5
2024-03-13,7729.39990234375
2024-03-14,7713.60009765625
2024-03-15,7670.2998046875
2024-03-18,7675.7998046875
2024-03-19,7703.2001953125
2024-03-20,7695.7998046875
2024-03-21,7782.0
2024-03-22,7770.60009765625
2024-03-25,7811.89990234375
2024-03-26,7780.2001953125
2024-03-27,7819.60009765625
2024-03-28,7896.89990234375
2024-04-02,7887.89990234375
2024-04-03,7782.5
2024-04-04,7817.2998046875
2024-04-05,7773.2998046875
2024-04-08,7789.10009765625
2024-04-09,7824.2001953125
2024-04-10,7848.5
2024-04-11,7813.60009765625
2024-04-12,7788.10009765625
2024-04-15,7752.5
2024-04-16,7612.5
2024-04-17,7605.60009765625
2024-04-18,7642.10009765625
2024-04-19,7567.2998046875
2024-04-22,7649.2001953125
2024-04-23,7683.5
2024-04-24,7683.0
2024-04-26,7575.89990234375
2024-04-29,7637.39990234375
2024-04-30,7664.10009765625
2024-05-01,7569.89990234375
2024-05-02,7587.0
2024-05-03,7629.0
2024-05-06,7682.39990234375
2024-05-07,7793.2998046875
2024-05-08,7804.5
2024-05-09,7721.60009765625
2024-05-10,7749.0
2024-05-13,7750.0
2024-05-14,7726.7998046875
2024-05-15,7753.7001953125
2024-05-16,7881.2998046875
2024-05-17,7814.39990234375
2024-05-20,7863.7001953125
2024-05-21,7851.7001953125
2024-05-22,7848.10009765625
2024-05-23,7811.7998046875
2024-05-24,7727.60009765625
2024-05-27,7788.2998046875
2024-05-28,7766.7001953125
2024-05-29,7665.60009765625
2024-05-30,7628.2001953125
2024-05-31,7701.7001953125
2024-06-03,7761.0
2024-06-04,7737.10009765625
2024-06-05,7769.0
2024-06-06,7821.7998046875
2024-06-07,7860.0
2024-06-11,7755.39990234375
2024-06-12,7715.5
2024-06-13,7749.7001953125
2024-06-14,7724.2998046875
2024-06-17,7700.2998046875
2024-06-18,7778.10009765625
2024-06-19,7769.7001953125
2024-06-20,7769.39990234375
2024-06-21,7796.0
2024-06-24,7733.7001953125
2024-06-25,7838.7998046875
2024-06-26,7783.0
2024-06-27,7759.60009765625
2024-06-28,7767.5
2024-07-01,7750.7001953125
2024-07-02,7718.2001953125
2024-07-03,7739.89990234375
2024-07-04,7831.7998046875
2024-07-05,7822.2998046875
2024-07-08,7763.2001953125
2024-07-09,7829.7001953125
2024-07-10,7816.7998046875
2024-07-11,7889.60009765625
2024-07-12,7959.2998046875
2024-07-15,8017.60009765625
2024-07-16,7999.2998046875
2024-07-17,8057.89990234375
2024-07-18,8036.5
2024-07-19,7971.60009765625
2024-07-22,7931.7001953125
2024-07-23,7971.10009765625
2024-07-24,7963.7001953125
2024-07-25,7861.2001953125
2024-07-26,7921.2998046875
2024-07-29,7989.60009765625
2024-07-30,7953.2001953125
2024-07-31,8092.2998046875
2024-08-01,8114.7001953125
2024-08-02,7943.2001953125
2024-08-05,7649.60009765625
2024-08-06,7680.60009765625
2024-08-07,7699.7998046875
2024-08-08,7682.0
2024-08-09,7777.7001953125
2024-08-12,7813.7001953125
2024-08-13,7826.7998046875
2024-08-14,7850.7001953125
2024-08-15,7865.5
2024-08-16,7971.10009765625
2024-08-19,7980.39990234375
2024-08-20,7997.7001953125
2024-08-21,8010.5
2024-08-22,8027.0
2024-08-23,8023.89990234375
2024-08-26,8084.5
2024-08-27,8071.2001953125
2024-08-28,8071.39990234375
2024-08-29,8045.10009765625
2024-08-30,8091.89990234375
2024-09-02,8109.89990234375
2024-09-03,8103.2001953125
2024-09-04,7950.5
2024-09-05,7982.39990234375
2024-09-06,8013.39990234375
2024-09-09,7988.10009765625
2024-09-10,8011.89990234375
2024-09-11,7987.89990234375
2024-09-12,8075.7001953125
2024-09-13,8099.89990234375
2024-09-16,8121.60009765625
2024-09-17,8140.89990234375
2024-09-18,8142.10009765625
2024-09-19,8191.89990234375
2024-09-20,8209.5
2024-09-23,8152.89990234375
2024-09-24,8142.0
2024-09-25,8126.39990234375
2024-09-26,8203.7001953125
2024-09-27,8212.2001953125
2024-09-30,8269.7998046875
2024-10-01,8208.900390625
2024-10-02,8198.2001953125
2024-10-03,8205.2001953125
2024-10-04,8150.0
2024-10-07,8205.400390625
2024-10-08,8176.89990234375
2024-10-09,8187.39990234375
2024-10-10,8223.0
2024-10-11,8214.5
2024-10-14,8252.7998046875
2024-10-15,8318.400390625
2024-10-16,8284.7001953125
2024-10-17,8355.900390625
2024-10-18,8283.2001953125
2024-10-21,8344.400390625
2024-10-22,8205.7001953125
2024-10-23,8216.0
2024-10-24,8206.2998046875
2024-10-25,8211.2998046875
2024-10-28,8221.5
2024-10-29,8249.2001953125
2024-10-30,8180.39990234375
2024-10-31,8160.0
2024-11-01,8118.7998046875
2024-11-04,8164.60009765625
2024-11-05,8131.7998046875
2024-11-06,8199.5
2024-11-07,8285.599609375
2024-11-08,8295.099609375
2024-11-11,8266.2001953125
2024-11-12,8255.599609375
2024-11-13,8193.400390625
2024-11-14,8224.0
2024-11-15,8285.2001953125
2024-11-18,8300.2001953125
2024-11-19,8374.0
2024-11-20,8326.2998046875
2024-11-21,8323.0
2024-11-22,8393.7998046875
2024-11-25,8417.599609375
2024-11-26,8359.400390625
2024-11-27,8406.7001953125
2024-11-28,8444.2998046875
2024-11-29,8436.2001953125
2024-12-02,8447.900390625
2024-12-03,8495.2001953125
2024-12-04,8462.599609375
2024-12-05,8474.900390625
2024-12-06,8420.900390625
2024-12-09,8423.0
2024-12-10,8393.0
2024-12-11,8353.599609375
2024-12-12,8330.2998046875
2024-12-13,8296.0
2024-12-16,8249.5
2024-12-17,8314.0
2024-12-18,8309.400390625
2024-12-19,8168.2001953125
2024-12-20,8067.0
2024-12-23,8201.599609375
2024-12-24,8220.900390625
2024-12-27,8261.7998046875
2024-12-30,8235.0
2024-12-31,8159.10009765625
2025-01-02,8201.2001953125
2025-01-03,8250.5
2025-01-06,8288.5
2025-01-07,8285.099609375
2025-01-08,8349.099609375
2025-01-09,8329.2001953125
2025-01-10,8294.099609375
2025-01-13,8191.89990234375
2025-01-14,8231.0
2025-01-15,8213.2998046875
2025-01-16,8327.0
2025-01-17,8310.400390625
2025-01-20,8402.0
2025-01-21,8420.2998046875
2025-01-22,8429.7998046875
2025-01-23,8378.7001953125
2025-01-24,8408.900390625
2025-01-28,8399.099609375
2025-01-29,8447.0
2025-01-30,8550.099609375
2025-01-31,8532.2998046875
2025-02-03,8379.400390625
2025-02-04,8374.0
2025-02-05,8416.900390625
2025-02-06,8520.7001953125
2025-02-07,8511.400390625
2025-02-10,8482.7998046875
2025-02-11,8484.0
2025-02-12,8535.2998046875
2025-02-13,8540.0
2025-02-14,8555.7998046875
2025-02-17,8505.7998046875
2025-02-18,8481.0
2025-02-19,8419.2001953125
2025-02-20,8322.7998046875
2025-02-21,8296.2001953125
2025-02-24,8308.2001953125
2025-02-25,8251.900390625
2025-02-26,8240.7001953125
2025-02-27,8268.2001953125
2025-02-28,8172.39990234375
2025-03-03,8245.7001953125
2025-03-04,8198.099609375
2025-03-05,8141.10009765625
2025-03-06,8094.7001953125
2025-03-07,7948.2001953125
2025-03-10,7962.2998046875
2025-03-11,7890.10009765625
2025-03-12,7786.2001953125
2025-03-13,7749.10009765625
2025-03-14,7789.7001953125
2025-03-17,7854.10009765625
2025-03-18,7860.39990234375
2025-03-19,7828.2998046875
2025-03-20,7918.89990234375
2025-03-21,7931.2001953125
2025-03-24,7936.89990234375
2025-03-25,7942.5
2025-03-26,7999.0
2025-03-27,7969.0
2025-03-28,7982.0
2025-03-31,7843.39990234375
2025-04-01,7925.2001953125
2025-04-02,7934.5
2025-04-03,7859.7001953125
2025-04-04,7667.7998046875
2025-04-07,7343.2998046875
2025-04-08,7510.0
2025-04-09,7375.0
2025-04-10,7709.60009765625
2025-04-11,7646.5
2025-04-14,7748.60009765625
2025-04-15,7761.7001953125
2025-04-16,7758.89990234375
2025-04-17,7819.10009765625
2025-04-22,7816.7001953125
2025-04-23,7920.5
2025-04-24,7968.2001953125
2025-04-28,7997.10009765625
2025-04-29,8070.60009765625
2025-04-30,8126.2001953125
2025-05-01,8145.60009765625
2025-05-02,8238.0
2025-05-05,8157.7998046875
2025-05-06,8151.39990234375
2025-05-07,8178.2998046875
2025-05-08,8191.7001953125
2025-05-09,8231.2001953125
2025-05-12,8233.5
2025-05-13,8269.0
2025-05-14,8279.599609375
2025-05-15,8297.5
2025-05-16,8343.7001953125
2025-05-19,8295.099609375
2025-05-20,8343.2998046875
2025-05-21,8386.7998046875
2025-05-22,8348.7001953125
2025-05-23,8360.900390625
2025-05-26,8361.0
2025-05-27,8407.599609375
2025-05-28,8396.900390625
2025-05-29,8409.7998046875
2025-05-30,8434.7001953125
2025-06-02,8414.099609375
2025-06-03,8466.7001953125
2025-06-04,8541.7998046875
2025-06-05,8538.900390625
2025-06-06,8515.7001953125
2025-06-10,8587.2001953125
2025-06-11,8592.099609375
2025-06-12,8565.099609375
2025-06-13,8547.400390625
2025-06-16,8548.400390625
2025-06-17,8541.2998046875
2025-06-18,8531.2001953125
2025-06-19,8523.7001953125
2025-06-20,8505.5
2025-06-23,8474.900390625
2025-06-24,8555.5
2025-06-25,8559.2001953125
2025-06-26,8550.7998046875
2025-06-27,8514.2001953125
2025-06-30,8542.2998046875
2025-07-01,8541.099609375
2025-07-02,8597.7001953125
2025-07-03,8595.7998046875
2025-07-04,8603.0
2025-07-07,8589.2998046875
2025-07-08,8590.7001953125
2025-07-09,8538.599609375
2025-07-10,8589.2001953125
2025-07-11,8580.099609375
2025-07-14,8570.400390625
2025-07-15,8630.2998046875
2025-07-16,8561.7998046875
2025-07-17,8639.0
2025-07-18,8757.2001953125
2025-07-21,8668.2001953125
2025-07-22,8677.2001953125
2025-07-23,8737.2001953125
2025-07-24,8709.400390625
2025-07-25,8666.900390625
2025-07-28,8697.7001953125
2025-07-29,8704.599609375
2025-07-30,8756.400390625
2025-07-31,8742.7998046875
2025-08-01,8662.0
2025-08-04,8663.7001953125
2025-08-05,8770.400390625
2025-08-06,8843.7001953125
2025-08-07,8831.400390625
2025-08-08,8807.099609375
2025-08-11,8844.7998046875
2025-08-12,8880.7998046875
2025-08-13,8827.099609375
2025-08-14,8873.7998046875
2025-08-15,8938.599609375
2025-08-18,8959.2998046875
2025-08-19,8896.2001953125
2025-08-20,8918.0
2025-08-21,9019.099609375
2025-08-22,8967.400390625
2025-08-25,8972.400390625
2025-08-26,8935.599609375
2025-08-27,8960.5
2025-08-28,8980.0
2025-08-29,8973.099609375
2025-09-01,8927.7001953125
2025-09-02,8900.599609375
2025-09-03,8738.7998046875
2025-09-04,8826.5
2025-09-05,8871.2001953125
2025-09-08,8849.599609375
2025-09-09,8803.5
2025-09-10,8830.400390625
2025-09-11,8805.0
2025-09-12,8864.900390625
2025-09-15,8853.0
2025-09-16,8877.7001953125
2025-09-17,8818.5
2025-09-18,8745.2001953125
2025-09-19,8773.5
2025-09-22,8810.900390625
2025-09-23,8845.900390625
2025-09-24,8764.5
2025-09-25,8773.0
2025-09-26,8787.7001953125
2025-09-29,8862.7998046875
2025-09-30,8848.7998046875
2025-10-01,8845.7001953125
2025-10-02,8945.900390625
2025-10-03,8987.400390625
2025-10-06,8981.400390625
2025-10-07,8956.7998046875
2025-10-08,8947.599609375
2025-10-09,8969.7998046875
2025-10-10,8958.2998046875
2025-10-13,8882.7998046875
2025-10-14,8899.400390625
2025-10-15,8990.900390625
2025-10-16,9068.400390625
2025-10-17,8995.2998046875
2025-10-20,9031.900390625
2025-10-21,9094.7001953125
2025-10-22,9030.0
2025-10-23,9032.7998046875
2025-10-24,9019.0
2025-10-27,9055.599609375
2025-10-28,9012.5
2025-10-29,8926.2001953125
2025-10-30,8885.5
2025-10-31,8881.900390625
2025-11-03,8894.7998046875
2025-11-04,8813.7001953125
2025-11-05,8802.0
2025-11-06,8831.7998046875
2025-11-07,8769.7001953125
2025-11-10,8830.900390625
2025-11-11,8818.7998046875
2025-11-12,8799.5
2025-11-13,8753.400390625
2025-11-14,8634.5
2025-11-17,8636.400390625
2025-11-18,8469.099609375
2025-11-19,8447.900390625
2025-11-20,8552.7001953125
2025-11-21,8416.5
2025-11-24,8525.099609375
2025-11-25,8537.0
2025-11-26,8606.5
2025-11-27,8619.2001953125
2025-11-28,8614.099609375
2025-12-01,8565.2001953125
2025-12-02,8579.7001953125
2025-12-03,8595.2001953125
2025-12-04,8618.400390625
2025-12-05,8634.599609375
2025-12-08,8624.400390625
2025-12-09,8585.900390625
2025-12-10,8579.400390625
2025-12-11,8592.0
2025-12-12,8697.2998046875
2025-12-15,8635.0
2025-12-16,8598.900390625
2025-12-17,8585.2001953125
2025-12-18,8588.2001953125
2025-12-19,8621.400390625
